season,woba,woba_scale,w_bb,w_hbp,w_1b,w_2b,w_3b,w_hr,r_per_pa,c_fip
1871,0.311547,0.909076,0.796926,0.819653,0.937833,1.21056,1.45601,1.58425,0.237093,3.579999876022339
1872,0.29725,1.01987,0.790715,0.816211,0.948794,1.25475,1.53012,1.72507,0.212859,3.507711124420166
1873,0.303249,1.02529,0.788111,0.813743,0.947031,1.25462,1.53145,1.73866,0.206984,2.9316532135009767
1874,0.28242,1.14524,0.760213,0.788844,0.937725,1.2813,1.59051,1.88575,0.179421,2.8075570583343508
1875,0.260727,1.27438,0.729593,0.761452,0.927122,1.30944,1.65352,2.04486,0.15634,2.3695427894592287
1876,0.277362,1.29249,0.736663,0.768975,0.936998,1.32475,1.67372,2.08685,0.149875,2.2334365367889406
1877,0.289038,1.27515,0.735102,0.766981,0.932751,1.3153,1.65959,2.07425,0.145589,2.8389384269714357
1878,0.278627,1.35313,0.726424,0.760252,0.936159,1.3421,1.70744,2.17301,0.135922,2.536101055145264
1879,0.270811,1.30865,0.710543,0.743259,0.913383,1.30598,1.65931,2.10292,0.138223,2.739348125457764
1880,0.267002,1.37073,0.700643,0.734912,0.913107,1.32433,1.69443,2.18603,0.127431,2.53327054977417
1881,0.290122,1.31359,0.724575,0.757415,0.928182,1.32226,1.67693,2.12915,0.134829,2.6876739978790285
1882,0.27585,1.29628,0.716783,0.74919,0.917707,1.30659,1.65659,2.09065,0.14099,2.7639564990997316
1883,0.28591,1.23511,0.726753,0.757631,0.918196,1.28873,1.62221,2.01506,0.150505,3.2561318397521974
1884,0.278993,1.28804,0.72494,0.757141,0.924586,1.311,1.65877,2.08225,0.145929,3.2694746971130373
1885,0.287828,1.31989,0.732665,0.765662,0.937248,1.33321,1.68958,2.13567,0.139551,2.8807913780212404
1886,0.302538,1.28194,0.75125,0.783298,0.949951,1.33453,1.68066,2.09726,0.14611,3.1008095264434816
1887,0.331559,1.14611,0.771046,0.799698,0.948693,1.29253,1.60198,1.93612,0.164522,3.2767011642456056
1888,0.290789,1.36316,0.732206,0.766285,0.943496,1.35244,1.7205,2.19921,0.131226,2.6589080810546877
1889,0.333294,1.2042,0.775985,0.806091,0.962637,1.3239,1.64903,2.01918,0.153584,3.0797526359558107
1890,0.336737,1.21015,0.78352,0.813773,0.971092,1.33414,1.66088,2.03094,0.153343,2.9681655883789064
1891,0.331521,1.25046,0.777545,0.808807,0.971366,1.3465,1.68413,2.08216,0.145878,2.67920036315918
1892,0.316774,1.33222,0.762118,0.795423,0.968611,1.36828,1.72797,2.18188,0.132946,2.529946041107178
1893,0.356391,1.12896,0.794425,0.822649,0.969413,1.3081,1.61292,1.93693,0.161982,3.3739811897277834
1894,0.378761,0.995831,0.800531,0.825427,0.954885,1.25363,1.52251,1.77292,0.183755,3.9286062240600588
1895,0.361408,1.09054,0.791132,0.818395,0.960165,1.28733,1.58177,1.88816,0.165493,3.726950836181641
1896,0.35417,1.15188,0.782017,0.810813,0.960557,1.30612,1.61713,1.9668,0.153558,3.4248654365539553
1897,0.35421,1.16181,0.780804,0.809849,0.960884,1.30943,1.62312,1.98074,0.1508,3.3228017807006838
1898,0.333907,1.31112,0.767531,0.800309,0.970755,1.36409,1.71809,2.16948,0.130481,2.7664634704589846
1899,0.343462,1.24777,0.771357,0.802551,0.964761,1.33909,1.67599,2.09034,0.138069,2.9346220016479494
1900,0.339089,1.2545,0.764928,0.796291,0.959376,1.33573,1.67444,2.09539,0.136415,2.8273148059844972
1901,0.326763,1.2892,0.750651,0.782881,0.950477,1.33724,1.68532,2.13164,0.13016,2.92401237487793
1902,0.321552,1.37665,0.74458,0.778997,0.957962,1.37096,1.74265,2.24887,0.117417,2.6649004936218263
1903,0.317328,1.36482,0.737875,0.771996,0.949422,1.35887,1.72737,2.22807,0.11834,2.7545690059661867
1904,0.300748,1.49276,0.720227,0.757546,0.951605,1.39943,1.80248,2.39061,0.102148,2.4178282737731935
1905,0.307335,1.47736,0.730205,0.767139,0.959195,1.4024,1.80129,2.37563,0.105479,2.5216249942779543
1906,0.306343,1.53267,0.729995,0.768312,0.967559,1.42736,1.84118,2.45208,0.0989672,2.3662580966949465
1907,0.304553,1.55807,0.730108,0.76906,0.971609,1.43903,1.85971,2.48585,0.0968738,2.1778525829315187
1908,0.296755,1.58642,0.718571,0.758232,0.964466,1.44039,1.86872,2.51774,0.0929634,2.1011383056640627
1909,0.306369,1.55448,0.729426,0.768287,0.970369,1.43671,1.85642,2.48264,0.0966405,2.2149545669555666
1910,0.318006,1.48603,0.738415,0.775566,0.968749,1.41456,1.81578,2.39844,0.103209,2.3215846538543703
1911,0.336431,1.3468,0.752056,0.785726,0.96081,1.36485,1.72849,2.22195,0.118953,2.7675103664398195
1912,0.336569,1.34174,0.752023,0.785567,0.959993,1.36252,1.72479,2.21501,0.119791,2.8485831737518312
1913,0.325055,1.41843,0.737404,0.772865,0.957261,1.38279,1.76577,2.31086,0.108584,2.5559432029724123
1914,0.32113,1.45276,0.734367,0.770686,0.959545,1.39537,1.78762,2.355,0.104601,2.435942840576172
1915,0.318256,1.47065,0.73325,0.770016,0.9612,1.4024,1.79947,2.37717,0.102784,2.4085580825805666
1916,0.312375,1.51776,0.724543,0.762487,0.959796,1.41512,1.82492,2.43724,0.0961305,2.315278244018555
1917,0.311355,1.52146,0.725927,0.763964,0.961754,1.41819,1.82899,2.44141,0.0966283,2.2614981651306154
1918,0.316831,1.52056,0.733075,0.771089,0.968762,1.42493,1.83548,2.44561,0.0971687,2.2293405055999758
1919,0.321948,1.43178,0.72837,0.764165,0.950296,1.37983,1.76641,2.32644,0.103311,2.4863349914550783
1920,0.332726,1.34588,0.740749,0.774396,0.94936,1.35312,1.71651,2.21696,0.11548,2.8029858589172365
1921,0.343764,1.24451,0.745251,0.776364,0.938151,1.31151,1.64752,2.08608,0.127356,3.1363622665405275
1922,0.347013,1.22581,0.747721,0.778366,0.937721,1.30546,1.63643,2.06314,0.129824,3.1504733085632326
1923,0.345611,1.23636,0.750576,0.781485,0.942212,1.31312,1.64694,2.07652,0.130427,3.037934494018555
1924,0.343496,1.24933,0.749114,0.780347,0.94276,1.31756,1.65488,2.09255,0.128441,3.1480390548706056
1925,0.349623,1.18878,0.750957,0.780677,0.935218,1.29185,1.61282,2.01392,0.135998,3.3326260566711428
1926,0.34569,1.24793,0.749166,0.780364,0.942595,1.31697,1.65392,2.09279,0.127042,3.027581882476807
1927,0.343788,1.24549,0.74583,0.776968,0.938882,1.31253,1.64881,2.08748,0.127436,2.9887740135192873
1928,0.342468,1.24112,0.74163,0.772658,0.934004,1.30634,1.64144,2.08003,0.12635,3.0270015716552736
1929,0.353607,1.16749,0.752332,0.781519,0.933293,1.28354,1.59876,1.9881,0.138614,3.2292086601257326
1930,0.351956,1.13766,0.748562,0.777003,0.924898,1.2662,1.57336,1.94468,0.141529,3.487832260131836
1931,0.338707,1.25089,0.741374,0.772647,0.935263,1.31053,1.64827,2.08996,0.124655,3.135764789581299
1932,0.333976,1.24214,0.735564,0.766617,0.928096,1.30074,1.63612,2.07297,0.126295,3.009321403503418
1933,0.329667,1.29592,0.732157,0.764555,0.933024,1.3218,1.6717,2.14395,0.118663,2.9001659870147707
1934,0.3408,1.23682,0.742492,0.773413,0.934199,1.30524,1.63919,2.07235,0.126652,3.180895519256592
1935,0.342883,1.21582,0.74341,0.773805,0.931862,1.29661,1.62488,2.04503,0.129358,3.1815731048583986
1936,0.349909,1.193,0.752185,0.78201,0.9371,1.295,1.61711,2.0201,0.133845,3.313771438598633
1937,0.342521,1.21714,0.743862,0.774291,0.932519,1.29766,1.62629,2.04652,0.130117,3.2003433227539064
1938,0.341711,1.22844,0.745383,0.776094,0.935791,1.30432,1.636,2.06153,0.128988,3.049312782287598
1939,0.341661,1.23886,0.742942,0.773913,0.934965,1.30662,1.64112,2.07607,0.125932,2.978676986694336
1940,0.334083,1.25345,0.734529,0.765866,0.928814,1.30485,1.64328,2.08891,0.123701,2.8782984733581545
1941,0.331193,1.30555,0.736381,0.76902,0.938741,1.3304,1.6829,2.15896,0.117798,2.668894958496094
1942,0.322295,1.38813,0.733666,0.768369,0.948826,1.36527,1.74006,2.26568,0.109612,2.4711117267608644
1943,0.324422,1.40556,0.736239,0.771378,0.954101,1.37577,1.75527,2.2922,0.108214,2.6543302059173586
1944,0.325986,1.36526,0.73335,0.767482,0.944966,1.35454,1.72316,2.23735,0.111489,2.6743614196777346
1945,0.328604,1.3671,0.739418,0.773595,0.951318,1.36145,1.73057,2.24254,0.111792,2.6896011352539064
1946,0.328984,1.36576,0.734643,0.768787,0.946336,1.35606,1.72482,2.24105,0.109398,2.5785293102264406
1947,0.336619,1.29702,0.73934,0.771766,0.940378,1.32948,1.67968,2.15245,0.117988,2.669105958938599
1948,0.340053,1.28189,0.743778,0.775826,0.942472,1.32704,1.67315,2.1347,0.1204,2.753736209869385
1949,0.343631,1.27745,0.743163,0.775099,0.941168,1.3244,1.66932,2.13207,0.118775,2.510814380645752
1950,0.346063,1.22396,0.740474,0.771073,0.930188,1.29738,1.62785,2.05961,0.124535,2.5838467597961428
1951,0.336478,1.27959,0.732031,0.764021,0.930367,1.31424,1.65973,2.1279,0.117377,2.4785739898681642
1952,0.326696,1.33971,0.722376,0.755869,0.930031,1.33194,1.69366,2.20229,0.109157,2.3907501220703127
1953,0.335875,1.24833,0.72644,0.757648,0.919932,1.29443,1.63148,2.08354,0.119756,2.5908224105834963
1954,0.333117,1.28949,0.72397,0.756208,0.923842,1.31069,1.65885,2.13841,0.113329,2.397830677032471
1955,0.326883,1.2659,0.716309,0.747957,0.912524,1.29229,1.63409,2.09914,0.116475,2.368315649032593
1956,0.32564,1.26054,0.711892,0.743406,0.907276,1.28544,1.62579,2.0904,0.115834,2.3687259674072267
1957,0.318643,1.28614,0.702772,0.734925,0.902123,1.28796,1.63522,2.11924,0.111505,2.4564616203308107
1958,0.319938,1.27756,0.703092,0.735031,0.901114,1.28438,1.62932,2.10852,0.112361,2.4753210067749025
1959,0.318777,1.27208,0.705098,0.736899,0.902269,1.28389,1.62735,2.09968,0.114583,2.54317421913147
1960,0.318549,1.28962,0.70556,0.7378,0.905451,1.29234,1.64053,2.12402,0.112524,2.52696270942688
1961,0.323665,1.24895,0.710198,0.741422,0.903786,1.27847,1.61569,2.0722,0.118118,2.573887062072754
1962,0.321573,1.26612,0.709246,0.740899,0.905494,1.28533,1.62718,2.09414,0.116115,2.6171004295349123
1963,0.303572,1.34112,0.687621,0.721149,0.895495,1.29783,1.65993,2.18114,0.104466,2.4790303230285646
1964,0.306789,1.32212,0.69038,0.723433,0.895308,1.29194,1.64891,2.15775,0.106717,2.604850721359253
1965,0.304484,1.33852,0.689811,0.723274,0.897281,1.29884,1.66024,2.17841,0.105467,2.517241907119751
1966,0.303289,1.327,0.685532,0.718707,0.891217,1.28932,1.64761,2.16109,0.106018,2.5537118434906008
1967,0.298873,1.3891,0.687067,0.721795,0.902377,1.31911,1.69416,2.24361,0.100214,2.538690996170044
1968,0.291491,1.46093,0.681072,0.717595,0.907516,1.3458,1.74025,2.33679,0.0919497,2.3852774620056154
1969,0.313325,1.34371,0.704918,0.73851,0.913193,1.31631,1.67911,2.19452,0.106964,2.5086650371551515
1970,0.318996,1.29044,0.707952,0.740213,0.90797,1.2951,1.64352,2.12561,0.113052,2.638482999801636
1971,0.310178,1.36954,0.699831,0.73407,0.91211,1.32297,1.69275,2.22753,0.102754,2.4512326240539553
1972,0.303587,1.41108,0.693865,0.729142,0.912582,1.33591,1.7169,2.2791,0.0979371,2.3987504959106447
1973,0.318832,1.31779,0.709564,0.742509,0.913822,1.30916,1.66497,2.16374,0.110071,2.565407466888428
1974,0.318044,1.34884,0.713349,0.74707,0.922419,1.32707,1.69126,2.20642,0.107814,2.5782196044921877
1975,0.321134,1.33144,0.715804,0.74909,0.922178,1.32161,1.6811,2.18515,0.10966,2.587288331985474
1976,0.31472,1.38084,0.712205,0.746726,0.926236,1.34049,1.71332,2.2479,0.104976,2.6325337409973146
1977,0.323673,1.25523,0.707873,0.739254,0.902434,1.279,1.61791,2.081,0.116415,2.738043022155762
1978,0.317683,1.32722,0.707031,0.740212,0.912751,1.31092,1.66927,2.17579,0.108384,2.584843111038208
1979,0.324008,1.26283,0.710981,0.742552,0.90672,1.28557,1.62653,2.09197,0.116696,2.73216552734375
1980,0.320242,1.29784,0.708218,0.740664,0.909383,1.29874,1.64915,2.13722,0.112001,2.752412271499634
1981,0.314211,1.36089,0.706233,0.740256,0.917171,1.32544,1.69288,2.21945,0.10528,2.6002389907836916
1982,0.318364,1.29147,0.704992,0.737279,0.905171,1.29261,1.64131,2.12643,0.112422,2.7165925025939943
1983,0.319055,1.28856,0.706235,0.738449,0.905961,1.29253,1.64044,2.12303,0.113145,2.755100679397583
1984,0.317418,1.30168,0.705882,0.738424,0.907642,1.29815,1.6496,2.13977,0.111631,2.768251371383667
1985,0.317484,1.27997,0.703059,0.735058,0.901454,1.28544,1.63104,2.10944,0.113633,2.6844551086425783
1986,0.32038,1.26687,0.705613,0.737284,0.901978,1.28204,1.62409,2.094,0.115304,2.771011304855347
1987,0.325726,1.20595,0.707273,0.737422,0.894195,1.25598,1.58159,2.01406,0.122817,2.8709771156311037
1988,0.31195,1.3218,0.700295,0.73334,0.905174,1.30171,1.6586,2.16246,0.109058,2.7688998699188234
1989,0.313335,1.32869,0.703742,0.73696,0.909689,1.3083,1.66704,2.1735,0.10877,2.76264066696167
1990,0.318675,1.29853,0.706949,0.739413,0.908222,1.29778,1.64839,2.13662,0.111783,2.808299016952515
1991,0.318083,1.29666,0.707054,0.739471,0.908037,1.29704,1.64713,2.13341,0.112779,2.855730724334717
1992,0.316696,1.32958,0.705996,0.739236,0.912081,1.31096,1.66994,2.17811,0.108033,2.7833182334899904
1993,0.326531,1.24047,0.713172,0.744184,0.905445,1.27758,1.61251,2.06318,0.119533,2.9883477210998537
1994,0.333249,1.18199,0.715832,0.745382,0.89904,1.25364,1.57277,1.98803,0.126551,3.130971622467041
1995,0.333093,1.19854,0.717698,0.747661,0.903472,1.26303,1.58664,2.01105,0.124793,3.1032969474792482
1996,0.335381,1.17101,0.71904,0.748315,0.900546,1.25185,1.56802,1.97479,0.128813,3.1715728759765627
1997,0.332342,1.20063,0.714158,0.744173,0.900255,1.26044,1.58461,2.01322,0.123091,3.1092116355896
1998,0.331326,1.1967,0.712555,0.742473,0.898043,1.25705,1.58016,2.0067,0.123751,3.139152240753174
1999,0.340663,1.15619,0.722745,0.75165,0.901955,1.24881,1.56098,1.95933,0.130175,3.133854103088379
2000,0.340686,1.14736,0.722161,0.750845,0.900001,1.24421,1.554,1.94699,0.131259,3.1341678619384767
2001,0.327182,1.18218,0.703877,0.733431,0.887115,1.24177,1.56096,1.98224,0.124085,3.049136829376221
2002,0.325912,1.21072,0.704413,0.73468,0.892074,1.25529,1.58218,2.02091,0.120076,2.9620744705200197
2003,0.327808,1.19409,0.706034,0.735886,0.891118,1.24935,1.57175,1.99954,0.122583,3.0315219879150392
2004,0.330155,1.18026,0.707325,0.736831,0.890265,1.24434,1.56302,1.98252,0.123985,3.0492693901062013
2005,0.325883,1.2077,0.702844,0.733037,0.890038,1.25235,1.57843,2.01666,0.119843,3.0200311660766603
2006,0.331513,1.17049,0.708232,0.737494,0.889658,1.2408,1.55684,1.9702,0.125479,3.1467477798461916
2007,0.331052,1.19172,0.711234,0.741027,0.895951,1.25347,1.57523,1.99946,0.123643,3.2396051406860353
2008,0.328345,1.21141,0.708285,0.738571,0.896054,1.25948,1.58656,2.02433,0.120369,3.132018280029297
2009,0.328664,1.21048,0.707178,0.73744,0.894801,1.25794,1.58477,2.02333,0.119837,3.0970837593078615
2010,0.320986,1.2507,0.701215,0.732482,0.895073,1.27028,1.60797,2.07196,0.114835,3.077842426300049
2011,0.315972,1.26416,0.694396,0.726,0.890341,1.26959,1.61091,2.0858,0.112327,3.0253862857818605
2012,0.315,1.24519,0.690534,0.721664,0.883538,1.2571,1.5933,2.05827,0.114112,3.0944520950317385
2013,0.313795,1.27681,0.690026,0.721947,0.887932,1.27097,1.61571,2.10133,0.109562,3.0478543758392336
2014,0.30996,1.30383,0.689416,0.722011,0.89151,1.28266,1.63469,2.13533,0.107439,3.1322521686553957
2015,0.31321,1.25149,0.686843,0.71813,0.880824,1.25627,1.59417,2.06529,0.11244,3.13359375
2016,0.31812,1.21188,0.690612,0.720909,0.878454,1.24202,1.56923,2.01476,0.117804,3.1465603828430178
2017,0.320888,1.185,0.692994,0.722619,0.876669,1.23217,1.55212,1.97989,0.121871,3.1576396942138674
2018,0.314689,1.22581,0.68953,0.720175,0.879531,1.24727,1.57824,2.03083,0.116831,3.1604315757751467
2019,0.319937,1.15686,0.690295,0.719216,0.869607,1.21666,1.52902,1.93954,0.125818,3.214009475708008
2020,0.319762,1.18525,0.698811,0.728443,0.882526,1.2381,1.55812,1.97912,0.125462,3.191419315338135
2021,0.314426,1.20864,0.691717,0.721932,0.879055,1.24165,1.56798,2.00652,0.121056,3.170034122467041
2022,0.309746,1.25875,0.688744,0.720213,0.883851,1.26148,1.60134,2.072,0.114346,3.112431001663208
2023,0.318375,1.20409,0.695903,0.726005,0.882536,1.24376,1.56887,2.0041,0.121844,3.2550403594970705
2024,0.310179,1.24245,0.689131,0.720192,0.881711,1.25445,1.58991,2.04961,0.116978,3.166479778289795
2025,0.313055,1.23167,0.691497,0.722289,0.882406,1.25191,1.58446,2.0374,0.118158,3.1351363182067873
2026,0.313055,1.23167,0.691497,0.722289,0.882406,1.25191,1.58446,2.0374,0.118158,3.1351363182067873
